channel,ell,q,gamma_L,gamma,lambda_coh,m2_zero,m2_noise,delta_tilde,ci_lo,ci_hi,n_used,omega_hat
amp_damp,2,0,0.01,0.0033333333333333335,0.9999999999998899,0.00011576829096642663,0.00011347213432206999,0.019834072224686694,0.01983407222468203,0.01983407222469169,30,0.991703611234444
amp_damp,2,0,0.03,0.01,0.9999999999998899,0.00011576829096642663,0.0001089935478749702,0.05851985059899645,0.058519850598990564,0.058519850599001444,30,0.9753308433167149
amp_damp,2,0,0.05,0.016666666666666666,0.9999999999998899,0.00011576829096642663,0.00010466324356289525,0.09592477621313344,0.09592477621312845,0.09592477621313833,30,0.9592477621314401
amp_damp,2,0,0.1,0.03333333333333333,0.9999999999998899,0.00011576829096642663,9.446046543092498e-05,0.18405580109739228,0.18405580109738817,0.18405580109739605,30,0.9202790054870628
amp_damp,2,0,0.2,0.06666666666666667,0.9999999999998899,0.00011576829096642663,7.652622349433734e-05,0.338970776406034,0.33897077640603024,0.33897077640603746,30,0.8474269410151783
amp_damp,2,0,0.3,0.09999999999999999,0.9999999999998899,0.00011576829096642663,6.152401631948873e-05,0.46855900000000006,0.4685589999999977,0.4685590000000024,30,0.7809316666667527
amp_damp,1,0,0.01,0.0033333333333333335,0.9999999999998899,0.00011576829096642701,0.00011347213432206938,0.019834072224695132,0.01983407222468525,0.019834072224704347,30,0.9917036112348658
amp_damp,1,0,0.03,0.01,0.9999999999998899,0.00011576829096642701,0.00010899354787497007,0.058519850599000556,0.058519850598995116,0.058519850599005996,30,0.9753308433167833
amp_damp,1,0,0.05,0.016666666666666666,0.9999999999998899,0.00011576829096642701,0.00010466324356289544,0.09592477621313467,0.09592477621312834,0.09592477621314155,30,0.9592477621314524
amp_damp,1,0,0.1,0.03333333333333333,0.9999999999998899,0.00011576829096642701,9.446046543092451e-05,0.18405580109739894,0.18405580109739428,0.18405580109740327,30,0.9202790054870961
amp_damp,1,0,0.2,0.06666666666666667,0.9999999999998899,0.00011576829096642701,7.652622349433746e-05,0.3389707764060351,0.3389707764060317,0.338970776406039,30,0.8474269410151811
amp_damp,1,0,0.3,0.09999999999999999,0.9999999999998899,0.00011576829096642701,6.152401631948899e-05,0.4685589999999995,0.46855899999999706,0.46855900000000195,30,0.7809316666667518
dephase,2,0,0.01,0.0033333333333333335,3.9959999999998885,0.00011576829096642663,0.00010973614434771158,0.052105343944866545,0.05210534394483901,0.05210534394489008,30,0.6519687680789289
dephase,2,0,0.03,0.01,3.9959999999998885,0.00011576829096642663,9.84913811417254e-05,0.14923697741820874,0.14923697741818787,0.14923697741823116,30,0.6224431824249788
dephase,2,0,0.05,0.016666666666666666,3.9959999999998885,0.00011576829096642663,8.826805714156263e-05,0.2375454763588002,0.23754547635877887,0.23754547635882084,30,0.5944581490460631
dephase,2,0,0.1,0.03333333333333333,3.9959999999998885,0.00011576829096642663,6.666284357728922e-05,0.4241700985581469,0.4241700985581369,0.42417009855815935,30,0.5307433665642627
dephase,2,0,0.2,0.06666666666666667,3.9959999999998885,0.00011576829096642663,3.684735920362608e-05,0.6817145792165836,0.6817145792165777,0.6817145792165895,30,0.42649811012049715
dephase,2,0,0.3,0.09999999999999999,3.9959999999998885,0.00011576829096642663,1.942269623494582e-05,0.8322278400000005,0.8322278399999985,0.8322278400000027,30,0.34710870870871857
dephase,1,0,0.01,0.0033333333333333335,3.9959999999998885,0.00011576829096642701,0.00010973614434771155,0.052105343944869986,0.05210534394484222,0.05210534394489264,30,0.651968768078972
dephase,1,0,0.03,0.01,3.9959999999998885,0.00011576829096642701,9.84913811417251e-05,0.14923697741821407,0.14923697741819453,0.14923697741823339,30,0.622443182425001
dephase,1,0,0.05,0.016666666666666666,3.9959999999998885,0.00011576829096642701,8.826805714156259e-05,0.23754547635880308,0.23754547635878576,0.23754547635881862,30,0.5944581490460703
dephase,1,0,0.1,0.03333333333333333,3.9959999999998885,0.00011576829096642701,6.666284357728925e-05,0.4241700985581486,0.4241700985581399,0.4241700985581588,30,0.5307433665642648
dephase,1,0,0.2,0.06666666666666667,3.9959999999998885,0.00011576829096642701,3.684735920362666e-05,0.6817145792165796,0.6817145792165723,0.6817145792165864,30,0.42649811012049466
dephase,1,0,0.3,0.09999999999999999,3.9959999999998885,0.00011576829096642701,1.9422696234945847e-05,0.8322278400000008,0.8322278399999974,0.8322278400000046,30,0.34710870870871874
depol,2,0,0.01,0.0033333333333333335,6.647586339771916,0.00011576829096642663,0.00010222096019527727,0.11702108287214974,0.1170210828721382,0.11702108287215995,30,0.8801772319377263
depol,2,0,0.03,0.01,6.647586339771916,0.00011576829096642663,7.969272996002493e-05,0.31161867127211706,0.31161867127210907,0.3116186712721225,30,0.781282747713834
depol,2,0,0.05,0.016666666666666666,6.647586339771916,0.00011576829096642663,6.212617153761684e-05,0.46335761702110867,0.4633576170211027,0.463357617021114,30,0.6970313634723048
depol,2,0,0.1,0.03333333333333333,6.647586339771916,0.00011576829096642663,3.3332230081671054e-05,0.7120780672892756,0.712078067289273,0.7120780672892781,30,0.5355914394289067
depol,2,0,0.2,0.06666666666666667,6.647586339771916,0.00011576829096642663,9.59909964818965e-06,0.9170835159778472,0.9170835159778462,0.9170835159778483,30,0.34489342037237575
depol,2,0,0.3,0.09999999999999999,6.647586339771916,0.00011576829096642663,2.7707578581562857e-06,0.9760663491269832,0.9760663491269828,0.9760663491269835,30,0.2447169792759379
depol,1,0,0.01,0.0033333333333333335,6.647586339771916,0.00011576829096642701,0.00010222096019527748,0.11702108287215096,0.11702108287213553,0.11702108287216495,30,0.8801772319377356
depol,1,0,0.03,0.01,6.647586339771916,0.00011576829096642701,7.969272996002509e-05,0.31161867127211795,0.31161867127210996,0.3116186712721254,30,0.7812827477138362
depol,1,0,0.05,0.016666666666666666,6.647586339771916,0.00011576829096642701,6.212617153761696e-05,0.46335761702110945,0.46335761702110523,0.463357617021114,30,0.697031363472306
depol,1,0,0.1,0.03333333333333333,6.647586339771916,0.00011576829096642701,3.3332230081671135e-05,0.7120780672892758,0.7120780672892724,0.712078067289279,30,0.5355914394289069
depol,1,0,0.2,0.06666666666666667,6.647586339771916,0.00011576829096642701,9.599099648189728e-06,0.9170835159778468,0.9170835159778457,0.9170835159778479,30,0.3448934203723756
depol,1,0,0.3,0.09999999999999999,6.647586339771916,0.00011576829096642701,2.770757858156312e-06,0.976066349126983,0.9760663491269826,0.9760663491269834,30,0.24471697927593786
x_err,2,0,0.01,0.0033333333333333335,7.973049945035248,0.00011576829096642663,9.865995011695121e-05,0.14778088807095646,0.14777616785782716,0.14778637687725873,30,0.9267525544787187
x_err,2,0,0.03,0.01,7.973049945035248,0.00011576829096642663,7.169479594363822e-05,0.380704376430416,0.38067308681771306,0.38074075981045336,30,0.7958150248962077
x_err,2,0,0.05,0.016666666666666666,7.973049945035248,0.00011576829096642663,5.214240916260603e-05,0.5495967960887702,0.5495327178633718,0.5496713011754333,30,0.6893181403322319
x_err,2,0,0.1,0.03333333333333333,7.973049945035248,0.00011576829096642663,2.3618858000634777e-05,0.795981630172943,0.7958614361134945,0.7961213393874221,30,0.4991701015673394
x_err,2,0,0.2,0.06666666666666667,7.973049945035248,0.00011576829096642663,4.9566465374251545e-06,0.9571847653960565,0.9570763227330168,0.9573106474251224,30,0.3001313085941746
x_err,2,0,0.3,0.09999999999999999,7.973049945035248,0.00011576829096642663,1.0817514097091362e-06,0.9906558920350405,0.9905982757960224,0.9907224426832435,30,0.20708426069999175
x_err,1,0,0.01,0.0033333333333333335,7.973049945035248,0.00011576829096642701,9.866040035181972e-05,0.14777699896743401,0.14777151015604126,0.1477817191489717,30,0.9267281654208973
x_err,1,0,0.03,0.01,7.973049945035248,0.00011576829096642701,7.169778040458433e-05,0.3806785968242652,0.38064221313627744,0.3807098845265903,30,0.7957611358442797
x_err,1,0,0.05,0.016666666666666666,7.973049945035248,0.00011576829096642701,5.2148520723149966e-05,0.5495440047717979,0.5494694979095915,0.5496080719825135,30,0.6892519281332162
x_err,1,0,0.1,0.03333333333333333,7.973049945035248,0.00011576829096642701,2.36303186041948e-05,0.795882634122606,0.7957429111267067,0.7960027426881083,30,0.49910801989782805
x_err,1,0,0.2,0.06666666666666667,7.973049945035248,0.00011576829096642701,4.966974547888892e-06,0.9570955526213191,0.9569696173025802,0.9572036646983492,30,0.3001033353670682
x_err,1,0,0.3,0.09999999999999999,7.973049945035248,0.00011576829096642701,1.0872132092289086e-06,0.9906087133173263,0.9905420944771607,0.9906657625179722,30,0.20707439857737464
inhom_dephase,2,0,0.01,0.0033333333333333335,5.706142857142105,0.00011576829096642663,0.00011228669748877635,0.030073809059338763,0.030073809059329097,0.03007380905934831,30,0.26352134718899317
inhom_dephase,2,0,0.03,0.01,5.706142857142105,0.00011576829096642663,0.00010559672032627837,0.08786145632138653,0.0878614563213771,0.0878614563213973,30,0.2566282762310404
inhom_dephase,2,0,0.05,0.016666666666666666,5.706142857142105,0.00011576829096642663,9.925737671604517e-05,0.14262035063789358,0.14262035063788336,0.1426203506379058,30,0.2499417806537783
inhom_dephase,2,0,0.1,0.03333333333333333,5.706142857142105,0.00011576829096642663,8.484058325645058e-05,0.2671518034151963,0.2671518034151904,0.2671518034152026,30,0.23409140824507682
inhom_dephase,2,0,0.2,0.06666666666666667,5.706142857142105,0.00011576829096642663,6.138531155735965e-05,0.46975712395061886,0.4697571239506142,0.4697571239506243,30,0.2058120238624268
inhom_dephase,2,0,0.3,0.09999999999999999,5.706142857142105,0.00011576829096642663,4.380128380875509e-05,0.6216469687588488,0.6216469687588442,0.6216469687588541,30,0.18157243994828112
inhom_dephase,1,0,0.01,0.0033333333333333335,5.706142857142105,0.00011576829096642701,0.00011228669748877706,0.030073809059335765,0.030073809059321,0.030073809059351198,30,0.2635213471889669
inhom_dephase,1,0,0.03,0.01,5.706142857142105,0.00011576829096642701,0.00010559672032627921,0.08786145632138231,0.0878614563213731,0.08786145632139186,30,0.2566282762310281
inhom_dephase,1,0,0.05,0.016666666666666666,5.706142857142105,0.00011576829096642701,9.925737671604551e-05,0.14262035063789347,0.1426203506378827,0.14262035063790734,30,0.24994178065377812
inhom_dephase,1,0,0.1,0.03333333333333333,5.706142857142105,0.00011576829096642701,8.484058325645127e-05,0.26715180341519273,0.2671518034151824,0.26715180341520284,30,0.2340914082450737
inhom_dephase,1,0,0.2,0.06666666666666667,5.706142857142105,0.00011576829096642701,6.138531155735966e-05,0.4697571239506205,0.4697571239506104,0.46975712395062985,30,0.20581202386242753
inhom_dephase,1,0,0.3,0.09999999999999999,5.706142857142105,0.00011576829096642701,4.380128380875521e-05,0.6216469687588491,0.6216469687588437,0.6216469687588557,30,0.18157243994828118
site_amp_damp,2,0,0.01,0.0033333333333333335,1.4285739832412547,0.00011576829096642663,0.00011445149609521214,0.011374400193887024,0.011374400193881251,0.011374400193891798,30,0.39810329487031326
site_amp_damp,2,0,0.03,0.01,1.4285739832412547,0.00011576829096642663,0.00011185524962728082,0.03380063147240042,0.033800631472392866,0.033800631472407305,30,0.39433999532539715
site_amp_damp,2,0,0.05,0.016666666666666666,1.4285739832412547,0.00011576829096642663,0.00010930816624695697,0.05580219475938475,0.05580219475937942,0.05580219475938952,30,0.3906146647916448
site_amp_damp,2,0,0.1,0.03333333333333333,1.4285739832412547,0.00011576829096642663,0.0001031506713253209,0.10899029030984753,0.1089902903098432,0.1089902903098513,30,0.38146533392188153
site_amp_damp,2,0,0.2,0.06666666666666667,1.4285739832412547,0.00011576829096642663,9.169819419053511e-05,0.20791614504244482,0.20791614504244205,0.2079161450424475,30,0.3638526031579919
site_amp_damp,2,0,0.3,0.09999999999999999,1.4285739832412547,0.00011576829096642663,8.132332812106831e-05,0.29753365587255254,0.2975336558725489,0.2975336558725564,30,0.34712197777054815
site_amp_damp,1,0,0.01,0.0033333333333333335,1.4285739832412547,0.00011576829096642701,0.00011445149609521201,0.011374400193891354,0.011374400193886358,0.01137440019389713,30,0.3981032948704648
site_amp_damp,1,0,0.03,0.01,1.4285739832412547,0.00011576829096642701,0.00011185524962728067,0.03380063147240486,0.03380063147239576,0.033800631472413634,30,0.39433999532544894
site_amp_damp,1,0,0.05,0.016666666666666666,1.4285739832412547,0.00011576829096642701,0.00010930816624695725,0.055802194759385526,0.05580219475937731,0.05580219475939319,30,0.39061466479165025
site_amp_damp,1,0,0.1,0.03333333333333333,1.4285739832412547,0.00011576829096642701,0.00010315067132532125,0.10899029030984742,0.10899029030984209,0.10899029030985297,30,0.38146533392188114
site_amp_damp,1,0,0.2,0.06666666666666667,1.4285739832412547,0.00011576829096642701,9.169819419053511e-05,0.2079161450424475,0.2079161450424416,0.2079161450424527,30,0.36385260315799656
site_amp_damp,1,0,0.3,0.09999999999999999,1.4285739832412547,0.00011576829096642701,8.132332812106859e-05,0.29753365587255254,0.29753365587254854,0.2975336558725563,30,0.34712197777054815
biased_pauli,2,0,0.01,0.0033333333333333335,7.177639381021345,0.00011576829096642663,0.00010078167145077093,0.12945357826869786,0.12945280576352583,0.12945447656389172,30,0.9017837996360664
biased_pauli,2,0,0.03,0.01,7.177639381021345,0.00011576829096642663,7.6393534371608e-05,0.34011693760113904,0.34011158176935435,0.34012316551294947,30,0.7897604387417738
biased_pauli,2,0,0.05,0.016666666666666666,7.177639381021345,0.00011576829096642663,5.79252457657435e-05,0.49964497806621244,0.49963351227636177,0.49965831067333893,30,0.6961132365988485
biased_pauli,2,0,0.1,0.03333333333333333,7.177639381021345,0.00011576829096642663,2.9047501594536734e-05,0.7490893114854684,0.749065342669214,0.7491171814231029,30,0.5218215012767028
biased_pauli,2,0,0.2,0.06666666666666667,7.177639381021345,0.00011576829096642663,7.372234245095324e-06,0.9363190543494047,0.9362925507418786,0.9363498648424623,30,0.32612360577251887
biased_pauli,2,0,0.3,0.09999999999999999,7.177639381021345,0.00011576829096642663,1.902357298748341e-06,0.9835675444211227,0.9835507154449495,0.9835870999709126,30,0.22838696034748535
biased_pauli,1,0,0.01,0.0033333333333333335,7.177639381021345,0.00011576829096642701,0.00010078174513594857,0.12945294178027178,0.12945204348493797,0.12945371428461058,30,0.9017793658076704
biased_pauli,1,0,0.03,0.01,7.177639381021345,0.00011576829096642701,7.6394045233807e-05,0.3401125248021377,0.34010629688185934,0.3401178805813858,30,0.7897501921068959
biased_pauli,1,0,0.05,0.016666666666666666,7.177639381021345,0.00011576829096642701,5.792633941216174e-05,0.49963553120983295,0.4996221985515279,0.4996469966821663,30,0.6961000750900599
biased_pauli,1,0,0.1,0.03333333333333333,7.177639381021345,0.00011576829096642701,2.9049787722264386e-05,0.7490695640424642,0.7490416936588469,0.7490935300920355,30,0.521807745052716
biased_pauli,1,0,0.2,0.06666666666666667,7.177639381021345,0.00011576829096642701,7.374761649873391e-06,0.9362972227687797,0.9362664101282921,0.9363237130545798,30,0.32611600174720284
biased_pauli,1,0,0.3,0.09999999999999999,7.177639381021345,0.00011576829096642701,1.9039615347901747e-06,0.9835536871202294,0.9835341282184291,0.9835704953019841,30,0.22838374264591763
coh_diss_mix,2,0,0.01,0.0033333333333333335,0.9999999999998899,0.00011576829096642663,0.00011347213432207018,0.01983407222468503,0.019834072224668264,0.019834072224704465,30,0.9917036112343607
coh_diss_mix,2,0,0.03,0.01,0.9999999999998899,0.00011576829096642663,0.00010899354787496987,0.058519850598999223,0.05851985059897846,0.05851985059901866,30,0.9753308433167611
coh_diss_mix,2,0,0.05,0.016666666666666666,0.9999999999998899,0.00011576829096642663,0.00010466324356289865,0.09592477621310402,0.09592477621308215,0.095924776213129,30,0.9592477621311459
coh_diss_mix,2,0,0.1,0.03333333333333333,0.9999999999998899,0.00011576829096642663,9.446046543092584e-05,0.18405580109738484,0.18405580109737152,0.1840558010973974,30,0.9202790054870256
coh_diss_mix,2,0,0.2,0.06666666666666667,0.9999999999998899,0.00011576829096642663,7.652622349433783e-05,0.3389707764060298,0.33897077640602047,0.3389707764060381,30,0.8474269410151678
coh_diss_mix,2,0,0.3,0.09999999999999999,0.9999999999998899,0.00011576829096642663,6.152401631948968e-05,0.46855899999999184,0.4685589999999832,0.46855899999999917,30,0.7809316666667391
coh_diss_mix,1,0,0.01,0.0033333333333333335,0.9999999999998899,0.00011576829096642701,0.00011347213432207001,0.01983407222468958,0.019834072224671484,0.019834072224711567,30,0.9917036112345883
coh_diss_mix,1,0,0.03,0.01,0.9999999999998899,0.00011576829096642701,0.00010899354787496965,0.05851985059900422,0.05851985059898256,0.058519850599024203,30,0.9753308433168444
coh_diss_mix,1,0,0.05,0.016666666666666666,0.9999999999998899,0.00011576829096642701,0.00010466324356289847,0.09592477621310846,0.09592477621308747,0.09592477621313167,30,0.9592477621311903
coh_diss_mix,1,0,0.1,0.03333333333333333,0.9999999999998899,0.00011576829096642701,9.446046543092575e-05,0.18405580109738828,0.1840558010973764,0.18405580109740127,30,0.9202790054870428
coh_diss_mix,1,0,0.2,0.06666666666666667,0.9999999999998899,0.00011576829096642701,7.652622349433749e-05,0.3389707764060349,0.3389707764060269,0.3389707764060448,30,0.8474269410151806
coh_diss_mix,1,0,0.3,0.09999999999999999,0.9999999999998899,0.00011576829096642701,6.152401631948973e-05,0.46855899999999306,0.46855899999998474,0.4685590000000013,30,0.7809316666667411
corr_dephase,2,0,0.01,0.0033333333333333335,3.9960000000001106,0.00011576829096642663,0.00011576829096642656,5.551115123125783e-16,-5.7787108431739395e-15,6.772360450213455e-15,30,6.945839743650687e-15
corr_dephase,2,0,0.03,0.01,3.9960000000001106,0.00011576829096642663,0.00011576829096642692,-2.4424906541753444e-15,-6.888933867799096e-15,2.1094237467877974e-15,30,-1.0187231624021007e-14
corr_dephase,2,0,0.05,0.016666666666666666,3.9960000000001106,0.00011576829096642663,0.00011576829096642624,3.4416913763379853e-15,-5.556666238248908e-15,1.2878587085651816e-14,30,8.612841282126851e-15
corr_dephase,2,0,0.1,0.03333333333333333,3.9960000000001106,0.00011576829096642663,0.00011576829096642637,2.220446049250313e-15,-1.9984014443252818e-15,6.439293542825908e-15,30,2.778335897460275e-15
corr_dephase,2,0,0.2,0.06666666666666667,3.9960000000001106,0.00011576829096642663,0.00011576829096642669,-4.440892098500626e-16,-2.220446049250313e-15,1.4432899320127035e-15,30,-2.778335897460275e-16
corr_dephase,2,0,0.3,0.09999999999999999,3.9960000000001106,0.00011576829096642663,0.00011576829096642669,-4.440892098500626e-16,-8.881784197001252e-16,2.220446049250313e-16,30,-1.852223931640183e-16
corr_dephase,1,0,0.01,0.0033333333333333335,3.9960000000001106,0.00011576829096642701,0.00011576829096642696,4.440892098500626e-16,-4.6629367034256575e-15,5.662137425588298e-15,30,5.55667179492055e-15
corr_dephase,1,0,0.03,0.01,3.9960000000001106,0.00011576829096642701,0.00011576829096642693,6.661338147750939e-16,-1.1102230246251565e-15,3.9968028886505635e-15,30,2.778335897460275e-15
corr_dephase,1,0,0.05,0.016666666666666666,3.9960000000001106,0.00011576829096642701,0.00011576829096642671,2.55351295663786e-15,-5.556666238248908e-15,1.1551870571224749e-14,30,6.390172564158632e-15
corr_dephase,1,0,0.1,0.03333333333333333,3.9960000000001106,0.00011576829096642701,0.00011576829096642703,-2.220446049250313e-16,-2.220446049250313e-15,2.220446049250313e-15,30,-2.778335897460275e-16
corr_dephase,1,0,0.2,0.06666666666666667,3.9960000000001106,0.00011576829096642701,0.00011576829096642701,0.0,-1.115774139748282e-15,1.3322676295501878e-15,30,0.0
corr_dephase,1,0,0.3,0.09999999999999999,3.9960000000001106,0.00011576829096642701,0.00011576829096642708,-6.661338147750939e-16,-1.7763568394002505e-15,2.220446049250313e-16,30,-2.778335897460275e-16
